Dates,FC1_Comdty,Momentum,Basis,Basis_Momentum,Skewness,Inflation_Beta,Volatility,Open_Interest,Value,Return,Log Return
2011-12-30,146.35,0.228026012166981,0.0167406901264093,0.228026012166981,0.338002535838858,0.0085002263192531,0.110208505928172,2108,-0.307044335236746,0.9867085395254409,-0.01338058252442005
2012-01-31,155.525,0.276102564102564,0.013502652306703,0.276102564102564,0.190115462462881,0.0085002263192531,0.0967249226962073,10882,-0.366314783193608,0.9309526782369834,-0.07154683195825519
2012-02-29,157.225,0.2283203125,0.0187629193830499,0.2283203125,0.364765324954031,0.0084865015373707,0.0979088220362472,11508,-0.382224009771601,0.998021727467811,-0.0019802318978273735
2012-03-30,148.825,0.144147607149722,0.0020157903578028,0.144147607149722,0.355753079726985,0.0070514346274958,0.117566870791649,-12706,-0.324234307055381,1.0286234712464222,0.028221472731841675
2012-04-30,149.825,0.135898407884761,0.0260303687635575,0.135898407884761,0.350639595503852,0.0070514346274958,0.117433581565135,-2610,-0.330931134360176,0.9916519099418164,-0.008383130512177229
2012-05-31,156.8,0.188779378316907,0.0084502551020406,0.188779378316907,0.22319732074156,0.0040212560928974,0.124170317797773,-2956,-0.373178257123221,0.9091968911917098,-0.09519360628840046
2012-06-29,151.45,0.217688442211056,0.0194783757015518,0.217688442211056,0.349577273000678,0.0039327759951235,0.139108897522469,-2016,-0.330705907216071,1.0448781877760365,0.04390031190084984
2012-07-31,138.625,0.011492156147392,0.0126239855725878,0.011492156147392,-0.265324047002858,0.0039327759951235,0.20672562465354,840,-0.24477416451358,0.9858194709571856,-0.01428203347846108
2012-08-31,144.6,0.0550893834367023,0.0143499308437069,0.0550893834367023,-0.389630146841411,0.0058810802880828,0.183288589389777,-1822,-0.281459673022141,0.9961898164184275,-0.003817460821997699
2012-09-28,143.8,0.085692714231786,0.0038247566063975,0.085692714231786,-0.509916110694756,0.0055738350848029,0.155925453471066,-3182,-0.270180428980187,0.998184263618023,-0.0018173868294356352
2012-10-31,146.3,0.0410958904109593,0.0164046479835951,0.0410958904109593,-0.555957282475195,0.0055738350848029,0.139020671685129,-6934,-0.296731429980905,0.9811022030586808,-0.019078642316708642
2012-11-30,145.625,0.0398072117101036,0.0192274678111588,0.0398072117101036,-0.549198073457106,0.0064573870222579,0.140966564523256,2782,-0.287536820538492,0.9693414570910034,-0.031138348264069995
2012-12-31,151.4,0.0345063204646399,0.0189894319682959,0.0345063204646399,-0.535826564105764,0.0088228869680552,0.124241476853387,2637,-0.327851422707997,0.9782681377465731,-0.021971477049878393
2013-01-31,146.3,-0.0003416467372734,0.0222146274777855,-0.0003416467372734,-0.380614456743001,0.009296717894188,0.15611888106133,2513,-0.290261768004382,0.9894431794659491,-0.010612939068905024
2013-02-28,142.0,-0.0869635106895996,0.0205985915492959,-0.0869635106895996,-0.320271648805016,0.0075060152387225,0.181723276631457,6530,-0.266468921188144,0.9450836820083682,-0.05648180301911807
2013-03-29,135.525,-0.138018762919383,0.0581073602656337,-0.138018762919383,-0.0742540949938767,0.0071928525684243,0.216292868118795,-52,-0.230418697588608,0.9843519140362659,-0.0157718096507541
2013-04-30,139.55,-0.0623215185620695,0.0670010748835543,-0.0623215185620695,-0.352090238721151,0.0093669666030671,0.241667291633376,-3707,-0.262503113232296,0.9846830865797912,-0.015435429092212028
2013-05-31,144.325,-0.0367094944101454,0.0155898146544258,-0.0367094944101454,-0.400363058809518,0.0082818597205097,0.232563521557944,-3914,-0.314560534631822,1.0354221635883905,0.03480923107884427
2013-06-28,149.45,-0.0468750000000003,0.0143860823017732,-0.0468750000000003,-0.445242042862538,0.0082818597205097,0.179190571028038,707,-0.351296643525913,1.012613875262789,0.01253498306969595
2013-07-31,153.425,0.0130406074612082,0.0231383412090598,0.0130406074612082,-0.716960662214792,0.0082818597205097,0.188712610169337,2128,-0.396170375332937,0.9872601446995912,-0.012821703153216126
2013-08-30,156.925,0.132010820559062,0.0129042536243427,0.132010820559062,-0.58986289684182,0.0093938808740607,0.176926917482004,-1932,-0.424030770830782,0.9933414043583535,-0.006680862990832492
2013-09-30,164.1,0.141168289290681,0.0067032297379645,0.141168289290681,-0.664938107882831,0.0093938808740607,0.161140179329691,-301,-0.469516240421661,1.0079085046842682,0.007877396366974787
2013-10-31,165.325,0.149687065368567,-0.0057462573718433,0.149687065368567,-0.669561375775994,0.0094874997130941,0.14079581370818,6418,-0.483845807391268,0.9987626750362143,-0.0012380910823423204
2013-11-29,165.475,0.131066302118933,0.0012086417887899,0.131066302118933,-0.553313530708936,-0.0093186108651762,0.140682972516345,-1164,-0.487946956674277,1.0136200716845878,0.013528152201052036
2013-12-31,166.7,0.144721030042918,0.0041991601679665,0.144721030042918,-0.646405284129437,-0.0093186108651762,0.155244793310591,8745,-0.505368558143853,0.998497171145686,-0.0015039592342503117
2014-01-31,169.425,0.119055482166446,0.0014755791648222,0.119055482166446,-0.6328936862949,-0.0093058898061504,0.157626478329027,3337,-0.528895380301225,1.0276188825330792,0.02724436145755656
2014-02-28,171.7,0.173615857826384,0.0080081537565521,0.173615857826384,-0.92382831241792,-0.0092166517805316,0.170351410322756,58,-0.553959373409399,0.995361259488333,-0.004649532856626438
2014-03-31,177.025,0.30621656520937,0.0046603587063973,0.30621656520937,-0.0353790951538229,-0.0088942178546756,0.164183965164179,-1684,-0.59809676628659,1.0568090894543127,0.05525407511093698
2014-04-30,181.2,0.337022689540674,0.0346302428256071,0.337022689540674,-0.053385082990885,-0.0088060145468227,0.157390057852557,-4986,-0.628704181050135,0.9945992327882092,-0.00541540407902426
2014-05-30,197.05,0.412038695807954,0.0054554681552905,0.412038695807954,1.33454624888837,-0.0075109074244102,0.139496058991881,3600,-0.713202313724422,1.033644859813084,0.03309125462632821
2014-06-30,212.775,0.423720307795248,0.0057572553166489,0.423720307795248,1.00179559133324,-0.0075109074244102,0.104909480838621,3622,-0.789980079446434,0.979746835443038,-0.02046107187134006
2014-07-31,220.675,0.476580796252926,0.0023790642347343,0.476580796252926,0.991472880600602,-0.0078335728890891,0.100090423601656,-2134,-0.818121526715384,1.00890550018457,0.008866080082089906
2014-08-29,218.65,0.425126283200259,-0.0088040246970043,0.425126283200259,0.8410040261569,-0.0098799753457329,0.102953409131428,-6140,-0.801697302172594,1.0015954052329292,0.0015941339259874768
2014-09-30,235.425,0.50023896765971,-0.001592863969417,0.50023896765971,0.543995945019523,-0.0055275049176079,0.0867050424490691,2284,-0.875617415709791,1.0075721101238675,0.007543585601390814
2014-10-31,234.15,0.426873857404021,-0.0242366004697844,0.426873857404021,0.694680575286905,-0.0031318237583547,0.0942687952960153,2147,-0.845421579466866,1.0038010425716768,0.003793836863059032
2014-11-28,231.075,0.397701497051262,-0.0037866493562696,0.397701497051262,0.618743593661069,-0.0031318237583547,0.0968664308912836,-3248,-0.831403711142374,0.9451500092030186,-0.056411624188864445
2014-12-31,219.45,0.32618220274966,-0.0096832991569834,0.32618220274966,0.148494969597142,-0.0031318237583547,0.125427807258728,-3522,-0.765284708726368,0.9990262901655306,-0.0009741841978434859
2015-01-30,205.2,0.230953809238152,0.0009746588693957,0.230953809238152,-0.073528138808735,-0.0026980163872205,0.163462902504512,-35,-0.689965861560416,1.082767571884984,0.07952032992109503
2015-02-27,201.9,0.191677733510402,-0.0078008915304607,0.191677733510402,0.0493188105580231,-0.0026980163872205,0.199814531329844,993,-0.673286284996647,1.0056477639465191,0.005631875123862895
2015-03-31,218.125,0.270384391380314,-0.0056160458452722,0.270384391380314,-0.076442787345744,-0.0026980163872205,0.143018717376026,277,-0.73295947267302,1.0408977790299103,0.04008358983531876
2015-04-30,217.55,0.228922468577884,-0.0210296483566997,0.228922468577884,0.0568969084377543,-0.0022527374932433,0.144311522811603,-1579,-0.720224048642739,1.0057289787080474,0.005712630518762498
2015-05-29,222.95,0.230408388520971,-0.0057187710248933,0.230408388520971,0.0518308245802569,-0.0021757216144923,0.138598865246539,1497,-0.73606763505736,0.9735238987816307,-0.026832905132095457
2015-06-30,214.725,0.0896980461811718,-0.0061706834322971,0.0896980461811718,0.277104046688549,-0.0079007165889913,0.154036110085988,2706,-0.678220524175967,0.9524909747292418,-0.04867464737604978
2015-07-31,210.725,-0.0096345905299023,-0.014117926207142,-0.0096345905299023,0.503816074536907,-0.0060018451413901,0.164230698748407,-728,-0.618108897645,1.019936325045482,0.019740198921571285
2015-08-31,201.825,-0.0769494626114797,-0.0195714108757586,-0.0769494626114797,0.724349526178249,-0.0011153247442658,0.130951983293313,-8656,-0.553882635835725,1.0323001158748553,0.031789434738606945
2015-09-30,178.175,-0.185113194603247,-0.0312894626069876,-0.185113194603247,0.179066218979094,0.0194128614313509,0.272966751371647,1253,-0.42924786394258,0.8757096069868997,-0.1327207418770453
2015-10-30,190.9,-0.189126048635447,-0.0403352540597172,-0.189126048635447,0.143987486197718,0.0194339876908433,0.224827159964752,-861,-0.472367706077885,1.0144611356978122,0.014357570725694217
2015-11-30,162.75,-0.295683219733853,-0.0142857142857142,-0.295683219733853,-0.0713268272043305,0.0194339876908433,0.620845275629122,19,-0.308480587184345,0.9574091047968225,-0.04352449214955894
2015-12-31,166.9,-0.277723682786974,-0.0194727381665668,-0.277723682786974,-0.200323707618956,0.0172417273995601,0.521656215735105,713,-0.311720046927092,1.0036379882563187,0.003631386782919408
2016-01-29,157.25,-0.283435862383231,-0.0036565977742447,-0.283435862383231,-0.179420216307886,0.0173754175699077,1.13301751040425,2752,-0.237167687996786,0.9759854152260011,-0.02430763609668097
2016-02-29,158.15,-0.216691431401684,0.0058488776478025,-0.216691431401684,-0.365433892164973,0.0152170468068048,0.769995728022419,3519,-0.235963814803108,1.0117552334943638,0.011686677475422446
2016-03-31,157.075,-0.222015849430411,-0.0116186535094699,-0.222015849430411,-0.418884029740838,0.0133457107849032,0.482486877932526,-2687,-0.208441134933636,1.0348216193121127,0.0342290633729122
2016-04-29,140.425,-0.35621776504298,-0.0003560619547802,-0.35621776504298,-0.339729506697508,0.0120783600726838,1.19614731877656,5685,-0.0849580379766637,1.0122488301679053,0.012174420254390672
2016-05-31,147.1,-0.340210809598565,-0.0120666213460231,-0.340210809598565,-0.200292016260365,0.0120783600726838,1.00873056027253,-6715,-0.103891579327246,0.9656445993031358,-0.03495942208905214
2016-06-30,144.3,-0.352769679300291,-0.0055440055440055,-0.352769679300291,-0.251721939775084,0.009399485921727,5.87850603018222,4943,-0.0690299972132278,0.998412354766544,-0.0015889068776887858
2016-07-29,140.05,-0.347770404005123,-0.0105319528739738,-0.347770404005123,-0.276612488024647,0.0152168675685045,9.34959340075254,2318,-0.0312459321305585,1.0157209974701844,0.015598702655203852
2016-08-31,140.525,-0.33313560327441,-0.0154776730119197,-0.33313560327441,-0.330696873357949,0.0152168675685045,1.8373877983926,-4143,-0.00723809806131,1.029251984956122,0.028832310212164484
2016-09-30,123.15,-0.389817911557042,-0.0284206252537555,-0.389817911557042,-0.206169803242759,0.0065178836947459,0.664640934589987,2697,0.135029379984503,1.072844827586207,0.07031383770723648
2016-10-31,121.85,-0.361707700366684,-0.0480098481739843,-0.361707700366684,-0.561855841363867,0.0036975236819068,0.495729712151892,-1408,0.160228660083377,1.031940538368823,0.031441047539730656
2016-11-30,128.425,-0.327265584075432,-0.0309519174615535,-0.327265584075432,-0.552698061553832,0.0034329342619213,0.632045362624028,3022,0.107674363801261,0.9785771382893685,-0.021655662049941637
2016-12-30,130.45,-0.198463901689708,-0.0410118819471061,-0.198463901689708,-0.697733967629366,0.002483417880745,0.690665032027346,71,0.113761897131986,1.0028998529652018,0.0028956565023845336
2017-01-31,122.775,-0.219236883942766,-0.0028507432294848,-0.219236883942766,-0.578650558569938,0.002483417880745,0.513092209370617,4410,0.179894917516276,1.0641539695268643,0.062180088652170847
2017-02-28,125.075,-0.204610492845787,-0.0029982010793523,-0.204610492845787,-0.697426319161108,0.0027999445625689,0.518689764974461,1344,0.161334772067315,1.009419743782969,0.009375654652455875
2017-03-31,133.95,-0.153019285488461,-0.0093318402388951,-0.153019285488461,-0.516079510184019,-0.0030616363037692,0.713415368966134,8047,0.0974691799937027,0.9813833225597932,-0.01879214899039822
2017-04-28,149.55,-0.0479070507719244,0.0344366432631225,-0.0479070507719244,-0.204569961824328,-0.0030616363037692,1.48316037653691,1658,-0.0086745374232276,1.004972994335397,0.004960669841936428
2017-05-31,152.575,0.0865230550115714,-0.0049156152711781,0.0865230550115714,-0.341397833721593,-0.0030616363037692,0.719376196502382,-5962,-0.0268253002071513,0.9906775653583734,-0.009366160501940635
2017-06-30,147.925,0.0056084296397007,0.0006760182524927,0.0056084296397007,-0.112521034425754,0.0049792114558397,0.621339993625811,2596,0.0055336442661785,0.97217865666553,-0.028215688257590597
2017-07-31,146.175,0.0437343805783643,0.0032495296733368,0.0437343805783643,-0.242562137162725,0.0054177770589053,0.412572793154196,1541,0.0187803229860815,1.001087185242337,0.001086594684453295
2017-08-31,142.725,0.0191003213138159,-0.0010509721492381,0.0191003213138159,-0.153784620487844,0.0023537836834753,0.348469254817325,-4423,0.0356556747511515,0.9884740259740259,-0.011592912918991465
2017-09-29,152.225,0.0832592065468778,0.0116603711611103,0.0832592065468778,-0.271000762638823,-0.0085775685140883,0.446718235522488,6204,-0.0401342523264752,0.9543147208121828,-0.04676176590803921
2017-10-31,159.425,0.294559480308566,0.0009408812921434,0.294559480308566,0.219206291189539,-0.0085775685140883,0.393054173944998,2870,-0.0912389138838019,1.012444181770423,0.012367389363260057
2017-11-30,154.175,0.265285186704965,-0.012323658180639,0.265285186704965,0.217981887072998,-0.0107639973205703,0.378287079694375,-5467,-0.0602201646764115,1.0222175497617045,0.021974335823039672
2017-12-29,146.0,0.136850301732528,-0.0227739726027396,0.136850301732528,0.403729456506412,-0.0120849027328895,0.331676449197802,-6105,-0.0100875900093398,0.9945149125814193,-0.005500185746317337
2018-01-31,145.05,0.111920275967804,0.0055153395380902,0.111920275967804,0.485646571935725,-0.0080274520169145,0.442123991327157,1571,-0.0025089119311384,0.9069387755102041,-0.09768033333919737
2018-02-28,144.75,0.178985949908369,0.0155440414507773,0.178985949908369,0.567985208202492,-0.0065904592117202,0.465014565049328,4389,0.0030465921877547,1.0171017101710171,0.016957122066756293
2018-03-30,135.6,0.0841495102938234,-0.0167772861356933,0.0841495102938234,0.539056697117475,-0.0006604190247857,0.38556986548556,-1935,0.0868974222013888,1.0075239398084817,0.007495776152906574
2018-04-30,140.175,-0.062688064192578,0.0429819868022114,-0.062688064192578,0.278385081344554,-0.0006604190247857,0.321237677405081,-11747,0.0537151556979476,1.0006788866259335,0.0006786562866516908
2018-05-31,147.4,-0.0143764627214981,-0.0006784260515603,-0.0143764627214981,0.135459997527838,0.0041091909573485,0.355917666653076,-1162,0.0223070046202329,0.9908578999668765,-0.009184145481612598
2018-06-29,151.325,-0.0081926921186303,-0.0024781100280852,-0.0081926921186303,0.111395498673704,0.0071252195383597,0.389076099591712,3682,-0.0011571205522838,0.9969913752757906,-0.003013159733954126
2018-07-31,149.325,0.0094642555348993,0.0016742005692282,0.0094642555348993,0.0577290853333986,0.0071252195383597,0.41716711308192,8031,0.0290901913752668,1.0022129828326178,0.0022105377926656244
2018-08-31,149.45,0.0224046519582692,-0.0021746403479423,0.0224046519582692,-0.0052239488797704,0.0072829050725393,0.446056018003849,-5642,0.0408827281933382,1.00079088895919,0.0007905763713212263
2018-09-28,158.175,0.108250131371519,-0.0007902639481587,0.108250131371519,-0.225858109499409,0.0072829050725393,0.713294873717989,7520,-0.0085581966918086,0.951572075672795,-0.049639845590038104
2018-10-31,153.475,0.0082115289866975,-0.0218276592278872,0.0082115289866975,-0.0551040008655032,0.0072829050725393,0.671658479944338,-7607,0.053405538202867,1.0166258312915646,0.016489135201814126
2018-11-30,145.225,-0.0890700956562648,-0.0163539335513858,-0.0890700956562648,0.173896058043087,0.0155216840011279,0.515833977329027,743,0.135613192023954,0.9713798977853493,-0.029037643349524786
2018-12-31,148.85,0.0195205479452056,-0.0141081625797783,0.0195205479452056,-0.204094161480179,0.0140148228086503,2.06274759819226,-1706,0.152818154615231,0.9968432129077516,-0.0031617802556261378
2019-01-31,142.1,-0.0267123287671232,0.0031667839549613,-0.0267123287671232,-0.0572644698106924,0.0189338922591454,1.5595180678622,2699,0.219966311969799,1.0179952104002736,0.01783521320594031
2019-02-28,142.875,-0.014994829369183,0.0229221347331583,-0.014994829369183,-0.121436125915332,0.0180005761640133,1.72320353537692,1563,0.225590249493877,0.9762736927006318,-0.024012309031174708
2019-03-29,145.25,0.0034542314335068,0.0242685025817557,0.0034542314335068,-0.213317952464052,0.018268032616545,2.18872304435803,475,0.237429996836857,0.8988937311431444,-0.10659045934728778
2019-04-30,141.6,0.0442477876106195,0.053319209039548,0.0442477876106195,-0.10175074523321,0.0164043092014697,1.6846855991759,-2831,0.294642695669709,0.9929514432759007,-0.007073515149780237
2019-05-31,133.125,-0.0502942750133761,0.0071361502347417,-0.0502942750133761,0.0578732652079236,0.0179899920611631,6.27624018648163,432,0.413611284782879,1.0420629114850037,0.041202317214013504
2019-06-28,136.85,-0.07157394843962,-0.0010960906101571,-0.07157394843962,-0.0093851781978718,0.0179899920611631,2.47395502063813,-1609,0.386014385759881,0.9182169182169184,-0.08532162192081875
2019-07-31,141.525,-0.0647612754006277,0.0065359477124182,-0.0647612754006277,-0.0084279640589707,0.0179899920611631,1.61718779213288,-1592,0.373830223164762,1.0122324159021405,0.012158204479809363
2019-08-30,132.4,-0.113343378536748,-0.0120845921450151,-0.113343378536748,0.0137036782303809,0.0182182979123721,5.86437954138666,903,0.452551428618975,1.0033114915803565,0.0033060206667089647
2019-09-30,142.4,-0.0997313102576259,-0.0033356741573032,-0.0997313102576259,0.242621143918087,0.0182182979123721,1.57643700903078,-5655,0.394234600344136,0.9690379403794038,-0.03145151369956339
2019-10-31,145.95,-0.0772878141299194,0.0113052415210688,-0.0772878141299194,0.111699635504648,0.0217842765197484,0.362195658548663,-1721,0.386738666478057,0.9947213871215829,-0.005292593977621125
2019-11-29,142.275,-0.0729760547320408,0.0052714812862413,-0.0729760547320408,0.0972636699479498,0.0232802906788682,0.393489941508676,5472,0.427077235830094,0.953612536402718,-0.0474978363619971
2019-12-31,145.325,0.0006885866758481,-0.0075692413555822,0.0006885866758481,-0.13112828996807,0.0232802906788682,0.510148713851393,3494,0.412081694756072,0.9894204900748926,-0.010635870806352797
2020-01-31,136.075,-0.0858246556936514,0.0106558882968952,-0.0858246556936514,0.0735873984804146,0.0237900736003897,0.974612482432411,4534,0.47712921563913,0.9261492087415224,-0.07671992476617251
2020-02-28,131.275,-0.0761787473610135,0.0108550752237668,-0.0761787473610135,0.0608805134775643,0.0237900736003897,0.728865539312845,-2107,0.512509598343,0.99206672091131,-0.007964914975872863
2020-03-31,121.925,-0.160585197934596,0.0079967192946484,-0.160585197934596,0.29994172158261,0.0237900736003897,6.06978025757069,-19344,0.565898300617286,1.159265584970111,0.14778668821037316
2020-04-30,119.175,-0.179518072289157,-0.0174113698342774,-0.179518072289157,0.355370598077494,0.0115789474476039,0.308619720787327,708,0.572631315028564,0.9970534069981584,-0.0029509427537346444
2020-05-29,135.35,-0.044138418079096,0.0029553010712966,-0.044138418079096,0.667886632306636,0.0115500404572725,1.32117023230764,-3602,0.426840069152007,1.0962663067926226,0.09191013966100967
2020-06-30,132.85,-0.0292290829375227,0.0039518253669552,-0.0292290829375227,0.741386772583622,0.0115500404572725,0.805969637142624,6871,0.427376512425976,0.9617015456161948,-0.03905112009415455
2020-07-31,144.675,0.0571793934965295,0.0107136685674787,0.0571793934965295,0.521829365912413,0.0217139675609739,4.43963257137115,7219,0.300121659080596,0.9977243635329257,-0.002278229662599927
2020-08-31,140.3,0.0596676737160122,0.0023164647184603,0.0596676737160122,0.637503638072627,0.0196884006234262,64.6956329139458,-724,0.311985634526969,0.9950721576909538,-0.004940024160597676
2020-09-30,141.35,0.0675981873111782,0.0049522461973825,0.0675981873111782,0.667672413845235,0.0193292795516629,2.45072544625423,201,0.304529537495785,1.0436176558305994,0.04269319233452665
2020-10-30,137.4,-0.0351123595505617,-0.023835516739447,-0.0351123595505617,1.0149205653912,0.0112639945804348,1.35773782186027,-1075,0.28675789679264,1.0077159391298136,0.0076863235154508705
2020-11-30,141.05,-0.0086100861008608,-0.0076214108472174,-0.0086100861008608,0.894092149191673,0.0112639945804348,0.99766697527651,-4987,0.222866370690584,1.0037797746398516,0.003772649240978088
2020-12-31,138.95,-0.023370233702337,0.0091759625764664,-0.023370233702337,0.988653591518958,0.0100456279700645,6.74724233058262,6253,0.210827870903863,0.9785079928952042,-0.021726323661019616
2021-01-29,137.725,-0.0522965766385685,0.0219640588128518,-0.0522965766385685,1.11311663003113,0.012550380282231,3.8508812852492,-4548,0.185627682870789,1.047906291646209,0.04679416553284744
2021-02-26,138.675,0.0191071100496054,0.0281233098972415,0.0191071100496054,1.13451549272731,0.012550380282231,11.0936991522438,3010,0.155926125119761,0.9630187416331994,-0.037682405656670234
2021-03-31,143.875,0.0959817177680444,0.0384013900955691,0.0959817177680444,0.926226358778864,0.012550380282231,0.796891185201308,3466,0.0703775525081028,1.0462010221465077,0.045165528962601856
2021-04-30,133.6,0.0957555874513021,0.0984281437125749,0.0957555874513021,0.924044499673052,0.0030333767544454,3.36936244409714,803,0.131535343084942,0.9858008206865108,-0.01430095220308004
2021-05-31,151.35,0.118212042851866,0.014370664023786,0.118212042851866,0.779212145413335,0.0155922768970022,0.796213516125346,-3593,-0.0412975296253481,1.0277583687988312,0.02738008959785367
2021-06-30,154.625,0.142408570373108,0.0181083265966047,0.142408570373108,0.77247244657152,0.0155651400417943,1.43078596881809,1574,-0.0799618701972384,1.0367737948084053,0.036113771227399685
2021-07-30,158.175,0.190628528415506,0.0229176544966019,0.190628528415506,0.651166624838048,0.0156902352136735,1.06903956917543,3416,-0.127594361558489,0.9716840536512668,-0.02872457504502885
2021-08-31,163.0,0.126663210644548,0.0291411042944785,0.126663210644548,0.833906112563028,0.0156902352136735,0.722722218140312,1714,-0.174696150211761,1.009013438216978,0.008973059634595115
2021-09-30,153.925,0.0971133285816106,-0.0089329218775378,0.0971133285816106,0.700180370749506,0.0137318360380942,5.19808886351624,-6904,-0.130450225831121,1.0664873174481169,0.06437036710808433
2021-10-29,156.575,0.107711354793067,-0.0028740220341688,0.107711354793067,0.656827415019341,0.0142356168407976,2.70571859746283,-948,-0.152471483565024,0.9900900900900901,-0.009959339902758468
2021-11-30,164.85,0.199781659388647,0.0100090991810737,0.199781659388647,0.392443132546367,0.014238159364906,0.832343629023918,-1789,-0.207693805805016,0.9911738746690203,-0.00886530628956314
2021-12-31,166.875,0.183091102445941,0.0184269662921348,0.183091102445941,0.454861624938839,0.0147414444822867,0.51602814553805,1505,-0.208784447589245,0.9677945978035026,-0.03273540657329579
2022-01-31,163.025,0.183699400980215,0.033277104738537,0.183699400980215,0.359166034967832,0.0130855071876292,0.700206165986317,5978,-0.187132990518907,0.9962962962962963,-0.0037105793965356015
2022-02-28,157.725,0.137371552190373,0.0271041369472182,0.137371552190373,0.434479653056054,0.0098354666343866,0.632406377659158,-332,-0.154082437496514,0.9659231722428748,-0.034670979772117604
2022-03-31,155.9,0.124211285379484,0.035279025016036,0.124211285379484,0.535563830653585,0.0077309934416904,0.817657956947883,-6377,-0.131566720863723,0.9990492037081056,-0.0009512485854041575
2022-04-29,156.35,0.0867072111207645,0.076271186440678,0.0867072111207645,0.68665568202309,0.0108446703234997,0.797121532295048,1816,-0.1262332530357,0.9821853438020461,-0.017975247294426573
2022-05-31,165.125,0.235965568862276,0.0181680545041636,0.235965568862276,0.751482092333915,0.0108446703234997,0.482194201798425,4935,-0.151173691129739,1.0302462830552719,0.029797883421761148
2022-06-30,173.6,0.147010241162868,0.0151209677419355,0.147010241162868,-0.370694198916019,0.0132015449271897,0.330205968981382,-4162,-0.191746369959917,1.0105755990085374,0.010520068530283335
2022-07-29,178.575,0.154890864995958,0.0166596668066641,0.154890864995958,-0.398657476099699,0.0128434879475406,0.300991732362032,-4014,-0.212551310658675,0.9944405079849566,-0.0055750035081716534
2022-08-31,182.45,0.153469258732417,0.00561797752809,0.153469258732417,-0.392816968146687,0.0129764206873322,0.241436361871829,3380,-0.222026903669026,0.9974516092085672,-0.0025516434664789277
2022-09-30,174.175,0.0685582822085893,0.0025836084397874,0.0685582822085893,-0.155999121641917,0.01277624218721,0.285296258428935,5726,-0.170085934452298,1.022290331568682,0.022045533207674686
2022-10-31,177.625,0.134440364042791,0.01027445460943,0.134440364042791,-0.165961315132744,0.0130645213761009,0.328478885181684,-1464,-0.187655956482894,0.9837830471518125,-0.016349886776066296
2022-11-30,180.475,0.152642503592528,0.0164842776007756,0.152642503592528,-0.206180366123184,0.0128864798816745,0.304742843302884,2497,-0.203573634090854,1.0205670712061004,0.020358424974874056
2022-12-30,183.7,0.114346375492872,0.0137452367991291,0.114346375492872,-0.206898315146987,0.0125955535011651,0.286512226010497,-5424,-0.221851517541598,0.9794790844514601,-0.02073439511653184
2023-01-31,186.15,0.115505617977529,0.0209508460918615,0.115505617977529,-0.213930806534757,0.0125955535011651,0.294007709824354,4973,-0.234368739370887,1.0521863946275696,0.05087027982569632
2023-02-28,189.8,0.164238613709554,0.0277924130663856,0.164238613709554,-0.456777439052653,0.0126686631096758,0.213933200958355,1838,-0.253174315764172,0.9784409257003653,-0.02179486627266145
2023-03-31,200.825,0.273260421619908,0.0220341092991412,0.273260421619908,-0.548991657661051,0.0110013472892467,0.171037622447599,9115,-0.302494474452112,1.0498439667128987,0.048641549996320144
2023-04-28,210.975,0.353271327774214,0.0936129873207725,0.353271327774214,-0.837298102004413,0.0110013472892467,0.125082887951018,1081,-0.351800235436266,0.9874287837503097,-0.01265090252867334
2023-05-31,239.175,0.5297409657819,0.0127521689139751,0.5297409657819,0.589350197879082,0.0110013472892467,0.117565802000846,4446,-0.481999291956458,0.9935411849134838,-0.006479763482605635
2023-06-30,247.575,0.499318697956094,0.0131273351509644,0.499318697956094,0.713274214053239,0.0113372849632509,0.111572547200854,-5205,-0.519458275653147,1.0163723916532905,0.01623980921940393
2023-07-31,245.6,0.375332493350133,0.0146579804560261,0.375332493350133,0.850691491330048,0.011373668430856,0.108764829003303,-2959,-0.513323939487198,0.9834965255843335,-0.016641173864567288
2023-08-31,249.1,0.394932101357973,0.0167603372139704,0.394932101357973,0.950897641669973,0.0115134565874565,0.113527268546741,3084,-0.528613020859552,0.9904864652805021,-0.009559077469449196
2023-09-29,252.475,0.383803781858043,0.0096049113773641,0.383803781858043,0.980788840424874,0.0116570592387709,0.101981639967065,-5486,-0.541808911838309,0.9383220910623946,-0.06366200825402615
2023-10-31,237.7,0.364719391416679,-0.002103491796382,0.364719391416679,0.683045247143489,0.0116570592387709,0.115002578781429,-5251,-0.478368343642171,0.9882284225187581,-0.011841411074815513
2023-11-30,219.95,0.238282899366643,0.0119345305751306,0.238282899366643,0.235499936253709,0.0127830136375986,0.147980937923133,739,-0.396723027055868,1.103316898251905,0.09832100476572282
2023-12-29,222.3,0.231749549799141,0.0035987404408457,0.231749549799141,0.257064879408349,0.0113500372131141,0.152407443898832,1801,-0.420618795178809,0.975624619134674,-0.024677378093376168
2024-01-31,240.15,0.30729450190528,0.0249843847595252,0.30729450190528,0.0925323052786831,0.0124641123002114,0.130819681669244,-3797,-0.503032433840937,0.9739870723632351,-0.026357248155370064
2024-02-29,249.0,0.337630942788074,0.0189759036144579,0.337630942788074,0.0016501645680986,0.0114149321826963,0.12505184314404,7447,-0.541581594804792,1.0025493687277436,0.0025461245997710825
2024-03-29,247.75,0.305321390937829,-0.0025227043390514,0.305321390937829,0.0859834774405885,0.0115482427843738,0.126772837442829,-4040,-0.555777187365252,1.0102544031311156,0.010202183423879992
2024-04-30,244.575,0.159260575897618,0.0446693243381375,0.159260575897618,0.44501716289944,0.0115482427843738,0.138608720608661,-2978,-0.542712454331245,0.9933364326669765,-0.006685868021124153
2024-05-31,256.4,0.215309870837777,0.0067277691107645,0.215309870837777,0.330640229198661,0.0092141401627616,0.104433694903097,-1226,-0.593936280315522,,
